Account,Campaign,Keyword,Match type
789-424-2096,DE | Search | Rohrreinigung Mittelfranken,kostenlos,Broad
789-424-2096,DE | Search | Rohrreinigung Mittelfranken,gratis,Broad
789-424-2096,DE | Search | Rohrreinigung Mittelfranken,umsonst,Broad
789-424-2096,DE | Search | Rohrreinigung Mittelfranken,free,Broad
789-424-2096,DE | Search | Rohrreinigung Mittelfranken,selber,Broad
789-424-2096,DE | Search | Rohrreinigung Mittelfranken,selbst,Broad
789-424-2096,DE | Search | Rohrreinigung Mittelfranken,diy,Broad
789-424-2096,DE | Search | Rohrreinigung Mittelfranken,eigenhändig,Broad
789-424-2096,DE | Search | Rohrreinigung Mittelfranken,anleitung,Broad
789-424-2096,DE | Search | Rohrreinigung Mittelfranken,tutorial,Broad
789-424-2096,DE | Search | Rohrreinigung Mittelfranken,how to,Phrase
789-424-2096,DE | Search | Rohrreinigung Mittelfranken,wie kann ich,Phrase
789-424-2096,DE | Search | Rohrreinigung Mittelfranken,hausmittel,Broad
789-424-2096,DE | Search | Rohrreinigung Mittelfranken,backpulver,Broad
789-424-2096,DE | Search | Rohrreinigung Mittelfranken,essig,Broad
789-424-2096,DE | Search | Rohrreinigung Mittelfranken,natron,Broad
789-424-2096,DE | Search | Rohrreinigung Mittelfranken,cola,Broad
789-424-2096,DE | Search | Rohrreinigung Mittelfranken,tipps,Broad
789-424-2096,DE | Search | Rohrreinigung Mittelfranken,tricks,Broad
789-424-2096,DE | Search | Rohrreinigung Mittelfranken,ratgeber,Broad
789-424-2096,DE | Search | Rohrreinigung Mittelfranken,selbst machen,Phrase
789-424-2096,DE | Search | Rohrreinigung Mittelfranken,ohne fachmann,Phrase
789-424-2096,DE | Search | Rohrreinigung Mittelfranken,job,Broad
789-424-2096,DE | Search | Rohrreinigung Mittelfranken,jobs,Broad
789-424-2096,DE | Search | Rohrreinigung Mittelfranken,stellenangebot,Broad
789-424-2096,DE | Search | Rohrreinigung Mittelfranken,stellenangebote,Broad
789-424-2096,DE | Search | Rohrreinigung Mittelfranken,karriere,Broad
789-424-2096,DE | Search | Rohrreinigung Mittelfranken,arbeiten bei,Phrase
789-424-2096,DE | Search | Rohrreinigung Mittelfranken,bewerbung,Broad
789-424-2096,DE | Search | Rohrreinigung Mittelfranken,ausbildung,Broad
789-424-2096,DE | Search | Rohrreinigung Mittelfranken,praktikum,Broad
789-424-2096,DE | Search | Rohrreinigung Mittelfranken,lehrstelle,Broad
789-424-2096,DE | Search | Rohrreinigung Mittelfranken,gehalt,Broad
789-424-2096,DE | Search | Rohrreinigung Mittelfranken,verdienst,Broad
789-424-2096,DE | Search | Rohrreinigung Mittelfranken,lohn,Broad
789-424-2096,DE | Search | Rohrreinigung Mittelfranken,tarif,Broad
789-424-2096,DE | Search | Rohrreinigung Mittelfranken,meister werden,Phrase
789-424-2096,DE | Search | Rohrreinigung Mittelfranken,geselle,Broad
789-424-2096,DE | Search | Rohrreinigung Mittelfranken,kaufen,Broad
789-424-2096,DE | Search | Rohrreinigung Mittelfranken,bestellen,Broad
789-424-2096,DE | Search | Rohrreinigung Mittelfranken,shop,Broad
789-424-2096,DE | Search | Rohrreinigung Mittelfranken,online kaufen,Phrase
789-424-2096,DE | Search | Rohrreinigung Mittelfranken,amazon,Broad
789-424-2096,DE | Search | Rohrreinigung Mittelfranken,ebay,Broad
789-424-2096,DE | Search | Rohrreinigung Mittelfranken,hornbach,Broad
789-424-2096,DE | Search | Rohrreinigung Mittelfranken,obi,Broad
789-424-2096,DE | Search | Rohrreinigung Mittelfranken,bauhaus,Broad
789-424-2096,DE | Search | Rohrreinigung Mittelfranken,baumarkt,Broad
789-424-2096,DE | Search | Rohrreinigung Mittelfranken,mieten,Broad
789-424-2096,DE | Search | Rohrreinigung Mittelfranken,leihen,Broad
789-424-2096,DE | Search | Rohrreinigung Mittelfranken,ausleihen,Broad
789-424-2096,DE | Search | Rohrreinigung Mittelfranken,verleih,Broad
789-424-2096,DE | Search | Rohrreinigung Mittelfranken,spirale kaufen,Phrase
789-424-2096,DE | Search | Rohrreinigung Mittelfranken,hochdruckreiniger kaufen,Phrase
789-424-2096,DE | Search | Rohrreinigung Mittelfranken,rohrreinigungsmaschine,Broad
789-424-2096,DE | Search | Rohrreinigung Mittelfranken,werkzeug,Broad
789-424-2096,DE | Search | Rohrreinigung Mittelfranken,pömpel,Broad
789-424-2096,DE | Search | Rohrreinigung Mittelfranken,saugglocke,Broad
789-424-2096,DE | Search | Rohrreinigung Mittelfranken,münchen,Broad
789-424-2096,DE | Search | Rohrreinigung Mittelfranken,berlin,Broad
789-424-2096,DE | Search | Rohrreinigung Mittelfranken,hamburg,Broad
789-424-2096,DE | Search | Rohrreinigung Mittelfranken,köln,Broad
789-424-2096,DE | Search | Rohrreinigung Mittelfranken,düsseldorf,Broad
789-424-2096,DE | Search | Rohrreinigung Mittelfranken,frankfurt,Broad
789-424-2096,DE | Search | Rohrreinigung Mittelfranken,stuttgart,Broad
789-424-2096,DE | Search | Rohrreinigung Mittelfranken,dortmund,Broad
789-424-2096,DE | Search | Rohrreinigung Mittelfranken,essen,Broad
789-424-2096,DE | Search | Rohrreinigung Mittelfranken,hannover,Broad
789-424-2096,DE | Search | Rohrreinigung Mittelfranken,bremen,Broad
789-424-2096,DE | Search | Rohrreinigung Mittelfranken,dresden,Broad
789-424-2096,DE | Search | Rohrreinigung Mittelfranken,leipzig,Broad
789-424-2096,DE | Search | Rohrreinigung Mittelfranken,regensburg,Broad
789-424-2096,DE | Search | Rohrreinigung Mittelfranken,augsburg,Broad
789-424-2096,DE | Search | Rohrreinigung Mittelfranken,würzburg,Broad
789-424-2096,DE | Search | Rohrreinigung Mittelfranken,ingolstadt,Broad
789-424-2096,DE | Search | Rohrreinigung Mittelfranken,heizung,Broad
789-424-2096,DE | Search | Rohrreinigung Mittelfranken,sanitär installation,Phrase
789-424-2096,DE | Search | Rohrreinigung Mittelfranken,neubau,Broad
789-424-2096,DE | Search | Rohrreinigung Mittelfranken,wasserhahn,Broad
789-424-2096,DE | Search | Rohrreinigung Mittelfranken,armatur,Broad
789-424-2096,DE | Search | Rohrreinigung Mittelfranken,dusche einbauen,Phrase
789-424-2096,DE | Search | Rohrreinigung Mittelfranken,badezimmer renovierung,Phrase
789-424-2096,DE | Search | Rohrreinigung Mittelfranken,umbau,Broad
789-424-2096,DE | Search | Rohrreinigung Mittelfranken,gasleitung,Broad
789-424-2096,DE | Search | Rohrreinigung Mittelfranken,elektriker,Broad
789-424-2096,DE | Search | Rohrreinigung Mittelfranken,maler,Broad
789-424-2096,DE | Search | Rohrreinigung Mittelfranken,fliesen,Broad
789-424-2096,DE | Search | Rohrreinigung Mittelfranken,youtube,Broad
789-424-2096,DE | Search | Rohrreinigung Mittelfranken,video,Broad
789-424-2096,DE | Search | Rohrreinigung Mittelfranken,tiktok,Broad
789-424-2096,DE | Search | Rohrreinigung Mittelfranken,wiki,Broad
789-424-2096,DE | Search | Rohrreinigung Mittelfranken,wikipedia,Broad
789-424-2096,DE | Search | Rohrreinigung Mittelfranken,forum,Broad
789-424-2096,DE | Search | Rohrreinigung Mittelfranken,erfahrungen anderer,Phrase
789-424-2096,DE | Search | Rohrreinigung Mittelfranken,vergleich,Broad
789-424-2096,DE | Search | Rohrreinigung Mittelfranken,preisvergleich,Broad
789-424-2096,DE | Search | Rohrreinigung Mittelfranken,test,Broad
789-424-2096,DE | Search | Rohrreinigung Mittelfranken,testsieger,Broad
789-424-2096,DE | Search | Rohrreinigung Mittelfranken,wie lange dauert,Phrase
789-424-2096,DE | Search | Rohrreinigung Mittelfranken,wie funktioniert,Phrase
789-424-2096,DE | Search | Rohrreinigung Mittelfranken,versicherung zahlt,Phrase
789-424-2096,DE | Search | Rohrreinigung Mittelfranken,erstattung,Broad
789-424-2096,DE | Search | Rohrreinigung Mittelfranken,ars rohrreinigung,Phrase
789-424-2096,DE | Search | Rohrreinigung Mittelfranken,rrs gmbh,Phrase
789-424-2096,DE | Search | Rohrreinigung Mittelfranken,bachmann kanal,Phrase
789-424-2096,DE | Search | Rohrreinigung Mittelfranken,ada kanal,Phrase
789-424-2096,DE | Search | Rohrreinigung Mittelfranken,rohrreinigung blitz,Phrase
789-424-2096,DE | Search | Rohrreinigung Mittelfranken,was kostet durchschnittlich,Phrase
789-424-2096,DE | Search | Rohrreinigung Mittelfranken,durchschnittspreis,Broad
789-424-2096,DE | Search | Rohrreinigung Mittelfranken,statistik,Broad
789-424-2096,DE | Search | Rohrreinigung Mittelfranken,definition,Broad
789-424-2096,DE | Search | Rohrreinigung Mittelfranken,erklärung,Broad
