Account,Campaign,Ad group,Ad type,Headline 1,Headline 2,Headline 3,Headline 4,Headline 5,Headline 6,Headline 7,Headline 8,Headline 9,Headline 10,Headline 11,Headline 12,Headline 13,Headline 14,Headline 15,Description 1,Description 2,Description 3,Description 4,Path 1,Path 2,Final URL,Status
789-424-2096,🔴 NOTFALL | Verstopfung JETZT,Rohr verstopft JETZT,Responsive search ad,⚠️ Rohr verstopft? 45Min!,STOPP - nicht selbst machen!,Festpreis 89€ - FERTIG,Preis VORHER = kein Risiko,Diagnose 0€ - wir zeigen erst,Nein gesagt? 0€ gezahlt,Soforthilfe-Paket JETZT,Wird schlimmer - nicht warten!,Wasserschaden vermeiden,Wir sind schon unterwegs,0911 892 186 82 ☎️,Lokaler Betrieb - 10 Min weg,129x Bestnote ⭐⭐⭐⭐⭐,Ihre Nachbarn rufen uns,Problem gelöst oder 0€,⚠️ Rohr verstopft wird JETZT schlimmer! Soforthilfe-Paket 89€: Anfahrt + Diagnose + Entstopfung. Festpreis VORHER.,STOPP! Nicht selbst probieren = macht es teurer. Wir zeigen Preis BEVOR wir anfangen. Nein? Zahlen 0€.,In 45 Min da. 129 Bewertungen 5.0★. Lokaler Betrieb. Ihre Nachbarn vertrauen uns. Wir Ihnen auch.,🔒 Unser Versprechen: Festpreis VORHER. Diagnose 0€. Nein gesagt = 0€ gezahlt. Problem gelöst oder Geld zurück.,soforthilfe,89euro,https://rohrreinigung-kraft.de/service/rohrreinigung-notdienst?paket=soforthilfe,Enabled
789-424-2096,🔴 NOTFALL | Verstopfung JETZT,Abfluss verstopft Hilfe,Responsive search ad,Abfluss zu? Preis: 79€ fix,Nicht mehr probieren!,Chemie macht es schlimmer,Wir in 45 Min - Festpreis,Diagnose zeigen - Sie entscheiden,Nein? Kostet Sie nichts,Soforthilfe-Paket buchen,129x 5.0 Sterne ★,Lokaler Meisterbetrieb,Abfluss frei GARANTIERT,7-Tage-Garantie inklusive,Wir erklären was los ist,Kein Start ohne Ihr OK,Preis BEVOR wir loslegen,Jetzt anrufen ☎️,⚠️ STOPP: Chemie macht Abfluss SCHLIMMER. Soforthilfe-Paket 79€: Wir kommen + zeigen Problem + lösen es. Festpreis.,Diagnose 0€: Sie SEHEN das Problem. Dann Festpreis. Sagen Sie Nein? Zahlen 0€. So einfach ist das.,7-Tage-Garantie: Kommt Problem wieder? Wir kommen wieder - kostenlos. 129 Bewertungen 5.0★ Google.,In 45 Min da. Lokaler Meisterbetrieb Nürnberg. Ihre Nachbarn rufen uns seit 10+ Jahren. Sie auch?,soforthilfe,79euro,https://rohrreinigung-kraft.de/service/abflussreinigung?paket=soforthilfe,Enabled
789-424-2096,🔴 NOTFALL | Verstopfung JETZT,Verstopfung Notfall,Responsive search ad,🚨 Verstopfung = in 45 Min weg,Notfall-Paket 99€ komplett,Warten = Wasserschaden!,JETZT anrufen - wir fahren los,Festpreis BEVOR wir anfangen,Diagnose 0€ - erst schauen,Nein gesagt? Nix bezahlt,Problem wird JETZT schlimmer,Schaden vermeiden,Wir sind in der Nähe,0911 892 186 82,Lokaler 24/7 Notdienst,129 Bewertungen 5.0★,Meisterbetrieb,Garantie inklusive,🚨 ACHTUNG: Verstopfung wird JETZT schlimmer! Wasserschaden vermeiden. Notfall-Paket 99€: Alles inklusive.,Wir fahren JETZT los! In 45 Min da. Festpreis VORHER genannt. Sie sagen Nein? Zahlen 0€. Kein Risiko.,24/7 Notdienst. Lokaler Meisterbetrieb. 129 Bewertungen 5.0★. Ihre Nachbarn vertrauen uns seit 10+ Jahren.,⚡ Notfall-Paket 99€: Anfahrt + Diagnose + Entstopfung + 7-Tage-Garantie. Preis FIX. Jetzt: 0911 892 186 82,notfall,99euro,https://rohrreinigung-kraft.de/service/rohrreinigung-notdienst?paket=notfall,Enabled
789-424-2096,🔴 NOTFALL | Toilette Überlauf,Toilette verstopft JETZT,Responsive search ad,🚽 Toilette zu? NICHT SPÜLEN!,Spülen = Überlauf = Schaden!,In 45 Min bei Ihnen,WC-Soforthilfe 89€ komplett,Festpreis VORHER - kein Trick,Hygienisch & sauber,Wir bringen alles mit,Nein gesagt? 0€ gezahlt,7-Tage-Garantie,129 Bewertungen 5.0★,Lokaler Notdienst,Meisterbetrieb,JETZT anrufen!,0911 892 186 82,Problem gelöst,🚨 NICHT SPÜLEN! Toilette verstopft + Spülen = Überlauf = Wasserschaden! WC-Soforthilfe 89€ - wir in 45 Min.,Festpreis 89€ VORHER genannt. Inkl. Anfahrt + Entstopfung + Reinigung. Hygienisch. Sie sagen Nein? Zahlen 0€.,7-Tage-Garantie: Problem kommt wieder? Wir auch - kostenlos. 129 Bewertungen 5.0★. Lokaler Meisterbetrieb.,⚡ JETZT handeln! Jede Minute zählt. WC-Soforthilfe-Paket 89€. Anrufen: 0911 892 186 82,toilette,89euro,https://rohrreinigung-kraft.de/service/toilette-verstopft?paket=wc-soforthilfe,Enabled
789-424-2096,🔴 NOTFALL | Toilette Überlauf,WC überläuft Hilfe,Responsive search ad,🆘 WC überläuft? STOPP!,Hauptventil zudrehen JETZT!,Wir in 45 Min mit Pumpe,Notfall-Paket 119€ komplett,Schaden begrenzen,Professionelle Trocknung,Festpreis VORHER,Diagnose zeigen erst,Sie entscheiden,24/7 Notdienst,0911 892 186 82,129x 5.0★,Meisterbetrieb,Sofort anrufen!,Versicherungsfall?,🆘 ERSTE HILFE: Hauptventil zudrehen! Dann anrufen. WC-Notfall-Paket 119€: Pumpen + Reinigen + Trocknen. 45 Min.,Festpreis 119€ VORHER. Inkl. alles. Wasserschaden begrenzen. Professionell. Sie sagen Nein? Zahlen nichts.,Versicherungsfall? Wir dokumentieren alles für Ihre Versicherung. Protokoll + Fotos inklusive.,⚡ 24/7 Notdienst. 129 Bewertungen 5.0★. Lokaler Meisterbetrieb. JETZT: 0911 892 186 82,notfall,119euro,https://rohrreinigung-kraft.de/service/toilette-verstopft?paket=wc-notfall,Enabled
789-424-2096,🔴 NOTFALL | Toilette Überlauf,Klo verstopft Notfall,Responsive search ad,Klo verstopft? 79€ - fertig!,NICHT mit Pümpel probieren!,Pümpel = tiefer gepresst,Wir lösen es richtig,In 45 Min bei Ihnen,Festpreis VORHER,Diagnose 0€,Nein? Kostet nichts,7-Tage-Garantie,Hygienisch sauber,Lokaler Meisterbetrieb,129 Bewertungen 5.0★,Jetzt anrufen,0911 892 186 82,Problem weg,⚠️ STOPP: Pümpel drückt Verstopfung nur TIEFER! Macht es teurer. Klo-Soforthilfe 79€: Richtig entstopfen.,Festpreis 79€ VORHER. Wir zeigen Problem. Sie entscheiden. Nein gesagt? 0€ bezahlt. So fair ist das.,In 45 Min da. Hygienisch & sauber. 7-Tage-Garantie inklusive. 129 Bewertungen 5.0★ auf Google.,⚡ Klo-Soforthilfe-Paket 79€: Anfahrt + Diagnose + Entstopfung. Alles inklusive. JETZT: 0911 892 186 82,klo,79euro,https://rohrreinigung-kraft.de/service/toilette-verstopft?paket=klo-soforthilfe,Enabled
789-424-2096,🔴 NOTFALL | Wasser Keller,Keller unter Wasser,Responsive search ad,🚨 Keller unter Wasser? SOFORT!,Strom aus - Hauptventil zu!,Wir mit Pumpe in 45 Min,Notfall-Paket 199€ komplett,Pumpen + Ursache + Trocknen,Versicherung dokumentiert,Schaden begrenzen JETZT,Festpreis VORHER,24/7 Notdienst,Sofort losfahren,0911 892 186 82,129x 5.0★,Meisterbetrieb,Rückstau beheben,Wasserschaden stoppen,🆘 ERSTE HILFE: 1) Strom aus 2) Hauptventil zu 3) UNS ANRUFEN! Keller-Notfall-Paket 199€ - alles inklusive.,Wir kommen mit Pumpen in 45 Min. Pumpen + Ursache finden + beheben. Versicherungs-Dokumentation inklusive.,Festpreis 199€ VORHER genannt. Inklusive ALLES. Schaden begrenzen bevor es schlimmer wird.,⚡ 24/7 Notdienst. 129 Bewertungen 5.0★. Lokaler Meisterbetrieb. SOFORT: 0911 892 186 82,keller,199euro,https://rohrreinigung-kraft.de/service/rohrreinigung-notdienst?paket=keller-notfall,Enabled
789-424-2096,🔴 NOTFALL | Wasser Keller,Rückstau Notfall,Responsive search ad,Rückstau? Kanal drückt hoch!,SOFORT handeln!,In 45 Min mit HD-Spülung,Rückstau-Paket 149€,Ursache finden + beheben,Rückstauklappe prüfen,Festpreis VORHER,Schaden vermeiden,24/7 Notdienst,Versicherung dokumentiert,0911 892 186 82,129x 5.0★,Meisterbetrieb,Kanalreinigung,Soforthilfe,⚠️ Rückstau = Abwasser drückt HOCH! Wird schlimmer. Rückstau-Paket 149€: HD-Spülung + Ursache beheben.,In 45 Min da mit HD-Spülung. Ursache finden. Rückstauklappe prüfen. Festpreis 149€ VORHER genannt.,Versicherungs-Dokumentation inklusive. Protokoll + Fotos. Sie sagen Nein? Zahlen nichts.,⚡ 24/7 Notdienst. 129 Bewertungen 5.0★. Lokaler Meisterbetrieb. JETZT: 0911 892 186 82,rueckstau,149euro,https://rohrreinigung-kraft.de/service/rohrreinigung-notdienst?paket=rueckstau,Enabled
789-424-2096,🔴 NOTFALL | Wasser Keller,Abwasser tritt aus,Responsive search ad,🚨 Abwasser tritt aus? GEFAHR!,Gesundheitsgefahr - SOFORT!,Nicht anfassen!,Profis in 45 Min da,Desinfektion inklusive,Abwasser-Notfall 179€,Pumpen + Reinigen + Desinfizieren,Festpreis VORHER,24/7 Notdienst,Schutzausrüstung dabei,0911 892 186 82,129x 5.0★,Meisterbetrieb,Dokumentation,Versicherung,🆘 NICHT ANFASSEN! Abwasser = Gesundheitsgefahr. Abwasser-Notfall-Paket 179€: Professionelle Beseitigung.,Wir kommen mit Schutzausrüstung. Pumpen + Reinigen + Desinfizieren. Festpreis 179€ VORHER genannt.,Versicherungs-Dokumentation inklusive. Protokoll + Fotos. Alles für Ihren Schadensfall.,⚡ 24/7 Notdienst. In 45 Min da. 129 Bewertungen 5.0★. SOFORT: 0911 892 186 82,abwasser,179euro,https://rohrreinigung-kraft.de/service/rohrreinigung-notdienst?paket=abwasser-notfall,Enabled
789-424-2096,🟡 PREIS | Was kostet,Rohrreinigung Kosten,Responsive search ad,Rohrreinigung? 79€ Festpreis,Keine Überraschung - versprochen!,Preis VORHER genannt,Diagnose 0€ - erst zeigen,Nein gesagt? 0€ gezahlt,Preisliste online sehen,Verstopfung ab 79€,Kanal ab 149€,Kamera 149€ fest,Alle Preise transparent,Keine versteckten Kosten,Keine Nachforderung,129x 5.0★,Meisterbetrieb,Fairer Preis,💰 Rohrreinigung Kosten: Verstopfung ab 79€ | Kanal ab 149€ | Kamera 149€. FESTPREISE - keine Überraschung.,So funktioniert es: 1) Diagnose 0€ 2) Festpreis genannt 3) Sie entscheiden. Nein gesagt? 0€ gezahlt.,Keine versteckten Kosten. Keine Nachforderung. Was wir sagen = Endpreis. Schriftlich. Garantiert.,129 Bewertungen 5.0★. Lokaler Meisterbetrieb. Faire Preise seit 10+ Jahren. Jetzt Preis erfahren!,preise,transparent,https://rohrreinigung-kraft.de/preise,Enabled
789-424-2096,🟡 PREIS | Was kostet,Was kostet Verstopfung,Responsive search ad,Verstopfung beheben? Ab 79€!,Festpreis VOR der Arbeit,Keine Überraschung danach,Diagnose ist kostenlos,Sie sehen Problem erst,Dann Preis - Sie entscheiden,Nein? 0€ gezahlt,Abfluss ab 79€,Toilette ab 89€,Kanal ab 149€,Alle Preise fest,129x 5.0★,Fairer Service,Lokaler Betrieb,Meisterqualität,💰 Was kostet Verstopfung beheben? Abfluss 79€ | Toilette 89€ | Kanal 149€. FESTPREISE genannt VORHER.,Unser Versprechen: Diagnose 0€. Festpreis genannt. Sie sagen Nein? Zahlen 0€. So fair ist das.,Keine versteckten Kosten. Keine Anfahrtskosten extra. Alles inklusive. Was wir sagen = Endpreis.,129 Bewertungen 5.0★. Lokaler Meisterbetrieb. 10+ Jahre faire Preise. Jetzt Kosten erfahren!,kosten,festpreis,https://rohrreinigung-kraft.de/preise,Enabled
789-424-2096,🟡 PREIS | Was kostet,Toilette entstopfen Preis,Responsive search ad,Toilette entstopfen: 89€ fix,Festpreis - keine Überraschung,WC-Soforthilfe-Paket,Anfahrt + Entstopfung inkl,Diagnose 0€ vorher,Sie sehen Problem,Dann Preis - Sie entscheiden,7-Tage-Garantie,129x 5.0★,Hygienisch & sauber,Lokaler Meisterbetrieb,Fairer Service,Keine Extra-Kosten,In 45 Min da,Jetzt anfragen,💰 Toilette entstopfen: WC-Soforthilfe-Paket 89€. Anfahrt + Diagnose + Entstopfung. FESTPREIS vorher.,Inkl. 7-Tage-Garantie: Problem kommt wieder? Wir auch - kostenlos. Hygienisch & sauber gearbeitet.,Diagnose 0€: Sie sehen Problem. Dann Festpreis 89€. Sie sagen Nein? Zahlen nichts. So fair.,129 Bewertungen 5.0★. Lokaler Meisterbetrieb. In 45 Min da. Jetzt WC-Soforthilfe-Paket buchen!,toilette,89euro,https://rohrreinigung-kraft.de/preise?paket=wc-soforthilfe,Enabled
789-424-2096,🟡 PREIS | Festpreis sucher,Rohrreinigung Festpreis,Responsive search ad,✓ Rohrreinigung FESTPREIS,Preis VORHER - nicht nachher!,Keine Überraschung möglich,Diagnose 0€ - erst zeigen,Nein gesagt? 0€ gezahlt,So sollte es sein!,Abfluss 79€ fix,Toilette 89€ fix,Kanal 149€ fix,Alle Preise fest,129x 5.0★,Lokaler Meisterbetrieb,10+ Jahre so,Transparenz garantiert,Fairer Service,✅ Rohrreinigung mit FESTPREIS: Abfluss 79€ | Toilette 89€ | Kanal 149€. Preis VORHER genannt. Punkt.,So funktioniert FAIR: 1) Diagnose 0€ 2) Festpreis genannt 3) Sie entscheiden. Nein = 0€. Fertig.,Keine versteckten Kosten. Keine Nachforderung. Keine Überraschung. Was wir sagen = was Sie zahlen.,129 Bewertungen 5.0★. Lokaler Meisterbetrieb. Faire Festpreise seit 10+ Jahren. Garantiert transparent.,festpreis,garantiert,https://rohrreinigung-kraft.de/preise,Enabled
789-424-2096,🟡 PREIS | Festpreis sucher,Keine versteckten Kosten,Responsive search ad,Keine versteckten Kosten!,Preis VORHER = Preis NACHHER,So sollte Service sein,Diagnose 0€ immer,Festpreis genannt,Nein? Kostet nichts,Keine Nachforderung,Keine Anfahrt extra,Alles inklusive,129x 5.0★,Lokaler Betrieb,10+ Jahre Vertrauen,Transparenz ist uns wichtig,Meisterbetrieb,Fair & ehrlich,✅ Keine versteckten Kosten: Bei uns ist der Preis VORHER = Preis NACHHER. Keine Überraschung. Versprochen.,Unser Prinzip: Diagnose 0€. Festpreis genannt BEVOR wir anfangen. Sie sagen Nein? Zahlen 0€. Fair!,Keine Anfahrtskosten extra. Keine Materialkosten extra. Keine Nachforderung. ALLES im Festpreis.,129 Bewertungen 5.0★. Lokaler Meisterbetrieb. 10+ Jahre Vertrauen. So sollte Service sein!,transparent,ehrlich,https://rohrreinigung-kraft.de/preise,Enabled
789-424-2096,🟡 PREIS | Festpreis sucher,Transparente Preise,Responsive search ad,Transparente Preise - ECHT!,Alle Preise online sehen,Abfluss 79€ | Kanal 149€,Festpreis VORHER genannt,Keine Überraschung,Diagnose 0€ immer,Nein gesagt? 0€ gezahlt,So fair geht das,129x 5.0★,Lokaler Meisterbetrieb,10+ Jahre transparent,Keine Tricks,Keine Extras,Ehrlicher Service,Jetzt Preise sehen,💰 Transparente Preise ONLINE: Abfluss 79€ | Toilette 89€ | Kanal 149€ | Kamera 149€. Alle FESTPREISE.,Sehen Sie ALLE Preise auf unserer Website. Keine Überraschung vor Ort. Festpreis = Endpreis. Garantiert.,Diagnose 0€. Festpreis VORHER genannt. Sie entscheiden. Nein gesagt? 0€ gezahlt. So einfach ist fair.,129 Bewertungen 5.0★. Lokaler Meisterbetrieb. Transparente Preise seit 10+ Jahren. Jetzt ansehen!,preise,online,https://rohrreinigung-kraft.de/preise,Enabled
789-424-2096,🔵 DIAGNOSE | Wiederkehrend,Verstopfung kommt wieder,Responsive search ad,Verstopfung kommt WIEDER? 🤔,Es gibt einen GRUND dafür!,Wir finden die URSACHE,Nicht nur reinigen - LÖSEN,Ursachen-Paket 349€,Kamera zeigt Problem,Sie SEHEN es selbst,90-Tage-Vollgarantie,Kommt wieder? Wir auch - 0€!,Nachkontrolle inklusive,Schluss mit dem Ärger,129x 5.0★,Lokaler Meisterbetrieb,Endgültige Lösung,Wurzeln? Fett? Rohrschaden?,🤔 Verstopfung kommt IMMER WIEDER? Es gibt einen GRUND! Ursachen-Paket 349€: Finden + Beheben + 90-Tage-Garantie.,Wir reinigen nicht nur - wir zeigen WARUM. Kamera-Inspektion. Sie sehen Problem selbst. Dann beheben wir URSACHE.,90-Tage-Vollgarantie: Kommt Problem wieder? Wir kommen wieder - KOSTENLOS. So sicher sind wir.,Ursachen-Paket 349€: Kamera + Diagnose + Reinigung + Ursachenbehebung + Nachkontrolle. Schluss mit Ärger!,ursachen,paket,https://rohrreinigung-kraft.de/preise?paket=ursachen,Enabled
789-424-2096,🔵 DIAGNOSE | Wiederkehrend,Immer wieder verstopft,Responsive search ad,Immer wieder verstopft? STOPP!,Das muss nicht sein!,Wir finden den GRUND,Ursache beheben = Ruhe haben,Ursachen-Paket 349€,Kamera zeigt alles,Sie sehen es SELBST,90-Tage-Garantie,Nachkontrolle gratis,Schluss mit Geld ausgeben,Wurzeln? Fett? Schaden?,129x 5.0★,Lokaler Meisterbetrieb,Endgültige Lösung,10+ Jahre Erfahrung,💡 WARUM immer wieder verstopft? Wurzeln? Fett? Rohrschaden? Ursachen-Paket 349€ findet und BEHEBT es.,Nicht nur reinigen = in 3 Monaten wieder! Wir zeigen Problem mit Kamera. Sie sehen es. Dann LÖSEN wir es.,90-Tage-Vollgarantie: Problem kommt wieder? Nächster Einsatz auf unsere Kosten. Garantiert.,Ursachen-Paket 349€: Diagnose + Kamera + Reinigung + Behebung + Nachkontrolle 3 Monate. Endlich Ruhe!,wiederkehrend,geloest,https://rohrreinigung-kraft.de/preise?paket=ursachen,Enabled
789-424-2096,🔵 DIAGNOSE | Wiederkehrend,Warum verstopft,Responsive search ad,Warum verstopft es immer?,Wir zeigen den GRUND!,Kamera-Diagnose 149€,Sie sehen Problem SELBST,HD-Video + Bericht,Klare Empfehlung,Was ist zu tun?,Wurzeln? Fett? Schaden?,Diagnose-Paket buchen,Nicht raten - WISSEN,129x 5.0★,Lokaler Meisterbetrieb,10+ Jahre Erfahrung,Klarheit bekommen,Festpreis garantiert,🔍 WARUM verstopft es? Diagnose-Paket 149€: Kamera-Inspektion + HD-Video + Bericht + klare Empfehlung.,Sie sehen das Problem SELBST auf dem Bildschirm. Nicht raten - WISSEN. Dann richtig entscheiden.,Diagnose-Paket 149€ Festpreis: Kamera + Video + Bericht per E-Mail + Empfehlung was zu tun ist.,129 Bewertungen 5.0★. Lokaler Meisterbetrieb. Klarheit statt Vermutung. Jetzt Diagnose buchen!,warum,diagnose,https://rohrreinigung-kraft.de/preise?paket=diagnose,Enabled
789-424-2096,🔵 DIAGNOSE | Kamera Ursache,Kamera Inspektion Rohr,Responsive search ad,Kamera-Inspektion 149€ fix,Sie sehen Problem SELBST!,HD-Video Dokumentation,Bericht per E-Mail,Für Versicherung perfekt,Vor Hauskauf empfohlen,Nicht raten - WISSEN,Klare Empfehlung dabei,Festpreis garantiert,Diagnose-Paket buchen,129x 5.0★,Lokaler Meisterbetrieb,Wurzeln? Schaden?,Was ist im Rohr?,10+ Jahre Erfahrung,📹 Kamera-Inspektion 149€ Festpreis: Sie sehen Problem SELBST auf Bildschirm. HD-Video + Bericht inklusive.,Perfekt für: Versicherung | Vor Hauskauf | Streit mit Vermieter. Dokumentation = Beweis in der Hand.,Diagnose-Paket 149€: Kamera + HD-Video + Bericht per E-Mail + klare Empfehlung. Nicht raten - WISSEN.,129 Bewertungen 5.0★. Lokaler Meisterbetrieb. Klarheit über Rohrzustand. Jetzt Termin buchen!,kamera,149euro,https://rohrreinigung-kraft.de/service/kamera-inspektion?paket=diagnose,Enabled
789-424-2096,🔵 DIAGNOSE | Kamera Ursache,TV Inspektion Kanal,Responsive search ad,TV-Inspektion Kanal 149€,Professionelle Dokumentation,HD-Kamera zeigt alles,Sie sehen es SELBST,Bericht per E-Mail,Für Behörden geeignet,Vor Grundstückskauf,Kanalzustand prüfen,Festpreis garantiert,Diagnose-Paket,129x 5.0★,Lokaler Meisterbetrieb,Wurzeln? Risse? Schäden?,Klarheit bekommen,10+ Jahre Erfahrung,📹 TV-Inspektion Kanal 149€: Professionelle HD-Kamera. Sie sehen Zustand SELBST. Dokumentation inklusive.,Vor Grundstückskauf: Kanalzustand prüfen = böse Überraschungen vermeiden. Bericht für Verhandlung.,Diagnose-Paket 149€ Festpreis: Kamera + HD-Video + Bericht per E-Mail + klare Empfehlung dazu.,129 Bewertungen 5.0★. Lokaler Meisterbetrieb. Klarheit über Ihren Kanal. Jetzt Termin vereinbaren!,kanal,inspektion,https://rohrreinigung-kraft.de/service/kamera-inspektion?paket=diagnose,Enabled
789-424-2096,🔵 DIAGNOSE | Kamera Ursache,Rohrschaden finden,Responsive search ad,Rohrschaden vermuten? PRÜFEN!,Kamera zeigt die Wahrheit,Diagnose-Paket 149€,Sie sehen es SELBST,HD-Video Dokumentation,Bericht für Versicherung,Für Vermieter-Streit,Nicht raten - WISSEN,Festpreis garantiert,Lokaler Meisterbetrieb,129x 5.0★,Klarheit bekommen,Leck? Riss? Wurzeln?,Was ist wirklich los?,Empfehlung inklusive,🔍 Rohrschaden? Nicht raten - WISSEN! Diagnose-Paket 149€: Kamera zeigt was los ist. Sie sehen es SELBST.,Leck? Riss? Wurzeln? Wir finden es. HD-Video + Bericht per E-Mail. Perfekt für Versicherung/Vermieter.,Diagnose-Paket 149€ Festpreis: Kamera-Inspektion + Video + Bericht + klare Empfehlung was zu tun ist.,129 Bewertungen 5.0★. Lokaler Meisterbetrieb. Klarheit statt Vermutung. Jetzt Termin buchen!,rohrschaden,diagnose,https://rohrreinigung-kraft.de/service/kamera-inspektion?paket=diagnose,Enabled
789-424-2096,🟢 B2B | Hausverwaltung,Rohrreinigung Hausverwaltung,Responsive search ad,Hausverwaltung? Partner-Paket!,10% Rahmenvertrag-Rabatt,Prioritäts-Notdienst 30 Min,Sammelrechnung möglich,Dokumentation für WEG,Fester Ansprechpartner,Direkte Hotline,Wartung 29€/Einheit,80% weniger Notfälle,Alle Objekte betreut,129x 5.0★,Lokaler Partner 10+ J.,Angebot in 24h,Jetzt Partner werden,B2B-Konditionen,🏢 Hausverwaltung? Partner-Paket: 10% Rabatt + Prioritäts-Notdienst 30 Min + Sammelrechnung + fester Kontakt.,Wartungsvertrag 29€/Einheit: Bis 80% weniger Notfälle. Regelmäßige Reinigung = zufriedene Mieter.,WEG-Dokumentation inklusive. Direkte Techniker-Hotline. Alle Objekte aus einer Hand. Angebot in 24h.,129 Bewertungen 5.0★. Lokaler Partner seit 10+ Jahren. B2B-Konditionen. Jetzt Partner-Anfrage stellen!,hausverwaltung,partner,https://rohrreinigung-kraft.de/hausverwaltung?b2b=partner,Enabled
789-424-2096,🟢 B2B | Hausverwaltung,WEG Rohrreinigung,Responsive search ad,WEG? Rohrreinigung ab 29€/Einheit,Wartungsvertrag spart 80%,Notfälle vermeiden,Dokumentation WEG-gerecht,Sammelrechnung,Priorität bei Notfall,30 Min Reaktion,Fester Ansprechpartner,Direkte Hotline,129x 5.0★,Lokaler Partner,10+ Jahre WEG-Erfahrung,Angebot in 24h,Jetzt anfragen,Alle Objekte,🏢 WEG-Rohrreinigung: Wartungsvertrag ab 29€/Einheit. Bis 80% weniger Notfälle. Zufriedene Eigentümer.,WEG-gerechte Dokumentation. Sammelrechnung. Priorität bei Notfall: 30 Min Reaktion garantiert.,Fester Ansprechpartner. Direkte Techniker-Hotline. Alle Objekte einer WEG aus einer Hand betreut.,129 Bewertungen 5.0★. Lokaler Partner 10+ Jahre WEG-Erfahrung. Angebot in 24h. Jetzt anfragen!,weg,wartung,https://rohrreinigung-kraft.de/hausverwaltung?b2b=weg,Enabled
789-424-2096,🟢 B2B | Hausverwaltung,Mehrfamilienhaus Service,Responsive search ad,Mehrfamilienhaus? Wartungs-Paket!,Regelmäßig = keine Notfälle,Ab 29€/Einheit monatlich,Alle Abflüsse betreut,Fallrohr-Reinigung,Dokumentation inklusive,Fester Termin,Mieter informiert,Kein Ärger mehr,129x 5.0★,Lokaler Partner,10+ Jahre Erfahrung,Prioritäts-Notdienst,Angebot in 24h,Jetzt anfragen,🏢 Mehrfamilienhaus? Wartungs-Paket ab 29€/Einheit: Regelmäßige Reinigung = keine Notfälle mehr. Garantiert.,Alle Abflüsse + Fallrohre regelmäßig gereinigt. Mieter werden informiert. Dokumentation für Verwaltung.,Prioritäts-Notdienst für Wartungskunden: 30 Min Reaktion. Fester Ansprechpartner. Direkte Hotline.,129 Bewertungen 5.0★. Lokaler Partner 10+ Jahre. Angebot in 24h. Jetzt Wartungs-Paket anfragen!,mehrfamilienhaus,wartung,https://rohrreinigung-kraft.de/hausverwaltung?b2b=mfh,Enabled
789-424-2096,🟢 B2B | Gewerbe Gastro,Restaurant Rohrreinigung,Responsive search ad,Restaurant? Diskrete Hilfe!,Außerhalb Öffnungszeiten,Nachts & Wochenende,Fettablagerungen weg,Keine Betriebsstörung,Wartungsvertrag sinnvoll,Hygiene-Dokumentation,HACCP-konform,Gesetzlich sicher,129x 5.0★,Lokaler Partner,Gastro-Erfahrung,Festpreis genannt,Jetzt anfragen,Notfall 24/7,🍽️ Restaurant? Rohrreinigung AUSSERHALB Öffnungszeiten. Nachts/Wochenende. Keine Betriebsstörung.,Fettablagerungen professionell entfernen. HACCP-konforme Dokumentation. Gesetzlich auf der sicheren Seite.,Wartungsvertrag: Regelmäßige Reinigung = keine Notfälle während Betrieb. Diskret. Professionell.,129 Bewertungen 5.0★. Lokaler Partner mit Gastro-Erfahrung. 24/7 Notfall möglich. Jetzt anfragen!,restaurant,gastro,https://rohrreinigung-kraft.de/hausverwaltung?b2b=gastro,Enabled
789-424-2096,🟢 B2B | Gewerbe Gastro,Fettabscheider Wartung,Responsive search ad,Fettabscheider-Wartung!,Gesetzliche Pflicht erfüllen,Dokumentation inklusive,HACCP-konform,Regelmäßige Entleerung,Keine Strafen riskieren,Wartungsvertrag,Festpreis monatlich,129x 5.0★,Lokaler Partner,Gastro-Erfahrung,Außerhalb Öffnungszeiten,Professionell & diskret,Jetzt anfragen,Angebot in 24h,⚖️ Fettabscheider-Wartung: Gesetzliche Pflicht erfüllen. Professionelle Dokumentation für Behörden.,Regelmäßige Entleerung & Reinigung. HACCP-konform. Keine Strafen riskieren. Wartungsvertrag ab...,Außerhalb Öffnungszeiten möglich. Keine Betriebsstörung. Diskret & professionell durchgeführt.,129 Bewertungen 5.0★. Lokaler Partner mit Gastro-Erfahrung. Angebot in 24h. Jetzt anfragen!,fettabscheider,wartung,https://rohrreinigung-kraft.de/hausverwaltung?b2b=fettabscheider,Enabled
789-424-2096,🟢 B2B | Gewerbe Gastro,Hotel Abfluss Service,Responsive search ad,Hotel? Diskrete Rohrreinigung!,Gäste merken nichts,Nachts & früh morgens,Alle Zimmer betreut,Wartung = keine Notfälle,Dokumentation Hotel-gerecht,Festpreis pro Zimmer,129x 5.0★,Lokaler Partner,Hotel-Erfahrung,Prioritäts-Notdienst,30 Min bei Notfall,Angebot in 24h,Jetzt Partner werden,B2B-Konditionen,🏨 Hotel? Diskrete Rohrreinigung nachts/früh. Gäste merken nichts. Alle Zimmer aus einer Hand betreut.,Wartungsvertrag: Regelmäßige Reinigung = keine Notfälle während Belegung. Dokumentation für Management.,Prioritäts-Notdienst: 30 Min Reaktion bei Notfall. Zimmer sofort wieder nutzbar. Festpreis pro Zimmer.,129 Bewertungen 5.0★. Lokaler Partner mit Hotel-Erfahrung. Angebot in 24h. Jetzt anfragen!,hotel,service,https://rohrreinigung-kraft.de/hausverwaltung?b2b=hotel,Enabled
789-424-2096,📍 LOKAL | Nürnberg,Rohrreinigung Nürnberg,Responsive search ad,Rohrreinigung Nürnberg ✓,Lokaler Meisterbetrieb,Standort: Glockenhof,In 20-40 Min bei Ihnen,Festpreis ab 79€,Diagnose 0€,Ihre Nachbarn rufen uns,129x 5.0★ Google,10+ Jahre vor Ort,Alle Stadtteile,24/7 Notdienst,Südstadt Gostenhof...,Preis VORHER genannt,Nein? 0€ gezahlt,0911 892 186 82,📍 Rohrreinigung Nürnberg: Lokaler Meisterbetrieb aus Glockenhof. In 20-40 Min da. Festpreis ab 79€.,Alle Stadtteile: Südstadt | Gostenhof | Langwasser | Mögeldorf | Maxfeld. Wir kennen jede Ecke Nürnbergs.,Diagnose 0€. Festpreis VORHER genannt. Sie sagen Nein? Zahlen 0€. 129 Bewertungen 5.0★ auf Google.,Ihre Nachbarn vertrauen uns seit 10+ Jahren. 24/7 Notdienst. JETZT anrufen: 0911 892 186 82,nuernberg,lokal,https://rohrreinigung-kraft.de/nuernberg,Enabled
789-424-2096,📍 LOKAL | Nürnberg,Notdienst Nürnberg,Responsive search ad,🚨 Notdienst Nürnberg 24/7,In 20-40 Min vor Ort,Lokaler Meisterbetrieb,Standort: Glockenhof,Festpreis ab 99€,Diagnose 0€,Nein? 0€ gezahlt,Ihre Nachbarn rufen uns,129x 5.0★,Alle Stadtteile,Sofort losfahren,Wasserschaden vermeiden,Jetzt anrufen!,0911 892 186 82,24 Stunden da,🚨 Notdienst Nürnberg 24/7: Lokaler Meisterbetrieb. In 20-40 Min da. Festpreis ab 99€ VORHER genannt.,Standort Glockenhof = schnell überall: Südstadt | Gostenhof | Maxfeld | Langwasser. Wir kennen Nürnberg.,Diagnose 0€. Festpreis VORHER. Sie sagen Nein? Zahlen 0€. 129 Bewertungen 5.0★. Ihre Nachbarn vertrauen uns.,⚡ Wasserschaden vermeiden! Wir fahren JETZT los. 24/7 Notdienst: 0911 892 186 82,notdienst,24-7,https://rohrreinigung-kraft.de/nuernberg?notdienst=true,Enabled
789-424-2096,📍 LOKAL | Nürnberg,Verstopfung Nürnberg,Responsive search ad,Verstopfung Nürnberg? 45 Min!,Lokaler Meisterbetrieb,Standort: Glockenhof,Festpreis ab 79€,Diagnose 0€,Soforthilfe-Paket,Ihre Nachbarn rufen uns,129x 5.0★,Alle Stadtteile,Preis VORHER,Nein? 0€ gezahlt,10+ Jahre vor Ort,24/7 Notdienst,Jetzt anrufen,0911 892 186 82,📍 Verstopfung Nürnberg: Soforthilfe-Paket ab 79€. In 45 Min da. Lokaler Meisterbetrieb Glockenhof.,Diagnose 0€. Festpreis VORHER genannt. Sie sagen Nein? Zahlen 0€. So fair arbeiten wir seit 10+ Jahren.,Alle Stadtteile Nürnberg: Südstadt | Gostenhof | Langwasser | Mögeldorf. Wir kennen jede Ecke.,129 Bewertungen 5.0★. Ihre Nachbarn vertrauen uns. JETZT anrufen: 0911 892 186 82,verstopfung,soforthilfe,https://rohrreinigung-kraft.de/nuernberg?problem=verstopfung,Enabled
789-424-2096,📍 LOKAL | Fürth,Rohrreinigung Fürth,Responsive search ad,Rohrreinigung Fürth ✓,Nachbar-Standort Nürnberg,In 30-50 Min bei Ihnen,Festpreis ab 79€,Diagnose 0€,129x 5.0★ Google,Alle Stadtteile Fürth,Preis VORHER genannt,Nein? 0€ gezahlt,Lokaler Partner,10+ Jahre Erfahrung,24/7 Notdienst,Jetzt anrufen,0911 892 186 82,Meisterbetrieb,📍 Rohrreinigung Fürth: Nachbar-Standort Nürnberg = schnell da. In 30-50 Min. Festpreis ab 79€.,Diagnose 0€. Festpreis VORHER genannt. Sie sagen Nein? Zahlen 0€. So fair arbeiten wir seit 10+ Jahren.,Alle Stadtteile Fürth: Innenstadt | Südstadt | Hardhöhe | Vach. Schnelle Anfahrt garantiert.,129 Bewertungen 5.0★. 24/7 Notdienst auch in Fürth. JETZT: 0911 892 186 82,fuerth,lokal,https://rohrreinigung-kraft.de/fuerth,Enabled
789-424-2096,📍 LOKAL | Fürth,Notdienst Fürth,Responsive search ad,🚨 Notdienst Fürth 24/7,Nachbar-Standort Nürnberg,In 30-50 Min da,Festpreis ab 99€,Diagnose 0€,Nein? 0€ gezahlt,129x 5.0★,Alle Stadtteile,Sofort losfahren,Wasserschaden vermeiden,Jetzt anrufen!,0911 892 186 82,24 Stunden da,Lokaler Partner,Meisterbetrieb,🚨 Notdienst Fürth 24/7: Nachbar-Standort Nürnberg. In 30-50 Min da. Festpreis ab 99€ VORHER genannt.,Diagnose 0€. Festpreis VORHER. Sie sagen Nein? Zahlen 0€. 129 Bewertungen 5.0★ auf Google.,Alle Stadtteile Fürth: Innenstadt | Südstadt | Hardhöhe. Schnelle Anfahrt. Wasserschaden vermeiden!,⚡ Wir fahren JETZT los! 24/7 Notdienst Fürth: 0911 892 186 82,notdienst,fuerth,https://rohrreinigung-kraft.de/fuerth?notdienst=true,Enabled
789-424-2096,📍 LOKAL | Erlangen,Rohrreinigung Erlangen,Responsive search ad,Rohrreinigung Erlangen ✓,Standort Nürnberg - nah!,In 30-50 Min bei Ihnen,Festpreis ab 79€,Diagnose 0€,129x 5.0★ Google,Uni & Siemens-Campus,Student = faire Preise,Preis VORHER genannt,Nein? 0€ gezahlt,10+ Jahre Erfahrung,24/7 Notdienst,Jetzt anrufen,0911 892 186 82,Meisterbetrieb,📍 Rohrreinigung Erlangen: Standort Nürnberg = schnell da. In 30-50 Min. Festpreis ab 79€.,Uni-Viertel bis Siemens-Campus. Student? Faire Preise für alle! Diagnose 0€. Preis VORHER genannt.,Nein gesagt? Zahlen 0€. So fair arbeiten wir seit 10+ Jahren. 129 Bewertungen 5.0★ auf Google.,24/7 Notdienst auch in Erlangen. Schnelle Anfahrt. JETZT: 0911 892 186 82,erlangen,lokal,https://rohrreinigung-kraft.de/erlangen,Enabled
789-424-2096,📍 LOKAL | Erlangen,Notdienst Erlangen,Responsive search ad,🚨 Notdienst Erlangen 24/7,Standort Nürnberg - schnell da,In 30-50 Min vor Ort,Festpreis ab 99€,Diagnose 0€,Nein? 0€ gezahlt,129x 5.0★,Uni & Siemens-Campus,Sofort losfahren,Wasserschaden vermeiden,Jetzt anrufen!,0911 892 186 82,24 Stunden da,Lokaler Partner,Meisterbetrieb,🚨 Notdienst Erlangen 24/7: Standort Nürnberg. In 30-50 Min da. Festpreis ab 99€ VORHER genannt.,Diagnose 0€. Festpreis VORHER. Sie sagen Nein? Zahlen 0€. 129 Bewertungen 5.0★ auf Google.,Uni-Viertel bis Siemens-Campus betreut. Schnelle Anfahrt. Wasserschaden vermeiden!,⚡ Wir fahren JETZT los! 24/7 Notdienst Erlangen: 0911 892 186 82,notdienst,erlangen,https://rohrreinigung-kraft.de/erlangen?notdienst=true,Enabled
789-424-2096,⚡ KONKURRENZ | Abzocke vermeiden,Rohrreinigung Abzocke,Responsive search ad,Angst vor Abzocke? Zurecht!,Bei uns: Festpreis VORHER,Keine versteckten Kosten,Diagnose 0€ - erst zeigen,Nein gesagt? 0€ bezahlt,129x 5.0★ - nicht umsonst,So geht FAIR wirklich,Preis BEVOR wir anfangen,Keine Überraschungen,Lokaler Meisterbetrieb,10+ Jahre Vertrauen,Ihre Nachbarn vertrauen uns,Kein Start ohne OK,Garantiert transparent,Jetzt sicher buchen,😰 Angst vor Abzocke? Verstehen wir! Bei uns: Festpreis VORHER genannt. Diagnose 0€. Nein? Zahlen 0€.,So erkennen Sie FAIRE Anbieter: 1) Preis VOR Arbeit 2) Diagnose kostenlos 3) Sie entscheiden. Wir machen das!,129 Bewertungen 5.0★ auf Google. Lokaler Meisterbetrieb. 10+ Jahre. Ihre Nachbarn vertrauen uns.,Keine versteckten Kosten. Keine Nachforderung. Der Preis VORHER = Preis NACHHER. Schriftlich garantiert.,sicher,transparent,https://rohrreinigung-kraft.de/preise?trust=abzocke-vermeiden,Enabled
789-424-2096,⚡ KONKURRENZ | Abzocke vermeiden,Betrug vermeiden,Responsive search ad,Rohrreinigung ohne Betrug!,Festpreis VORHER genannt,Diagnose immer 0€,Sie entscheiden ob Start,Nein? Kostet nichts,So arbeitet SERIÖS,129x 5.0★ Google,Lokaler Meisterbetrieb,10+ Jahre Erfahrung,Keine Nachforderung,Alles transparent,Ihre Nachbarn kennen uns,Garantie inklusive,Vertrauen verdient,Jetzt anrufen,✅ Seriöse Rohrreinigung: Festpreis VORHER. Diagnose 0€. Sie sagen Nein? Zahlen 0€. So geht Vertrauen.,Wir verstehen Ihre Skepsis. Deshalb: Preis VOR Arbeit. Kein Start ohne Ihr OK. Schriftlich garantiert.,129 Bewertungen 5.0★. Lokaler Meisterbetrieb. 10+ Jahre. Wir haben unser Vertrauen VERDIENT.,Keine versteckten Kosten. Keine Tricks. Transparenz ist kein Werbeslogan - es ist unser Prinzip.,serioes,vertrauen,https://rohrreinigung-kraft.de/preise?trust=serioes,Enabled
789-424-2096,⚡ KONKURRENZ | Abzocke vermeiden,Seriöser Anbieter,Responsive search ad,Seriöse Rohrreinigung gesucht?,Hier sind Sie richtig!,Festpreis VOR der Arbeit,Diagnose kostenlos,Nein gesagt? 0€,129 Bewertungen 5.0★,Lokaler Meisterbetrieb,10+ Jahre vor Ort,Ihre Nachbarn vertrauen,Keine versteckten Kosten,Keine Nachforderung,Transparenz garantiert,Kein Start ohne OK,Faire Preise,Jetzt anfragen,🔒 Seriöse Rohrreinigung: Festpreis VOR Arbeit. Diagnose 0€. Sie entscheiden. Nein = 0€. So fair ist das.,Woran erkennt man SERIÖS? 129 Bewertungen 5.0★. Preis VORHER. Lokaler Betrieb 10+ Jahre. Nachbarn vertrauen.,Keine versteckten Kosten. Keine Nachforderung. Keine Tricks. Was wir sagen = was Sie zahlen. Garantiert.,Lokaler Meisterbetrieb Nürnberg. Wir arbeiten transparent seit 10+ Jahren. Jetzt Vertrauen testen!,fair,serioes,https://rohrreinigung-kraft.de/preise?trust=serioes,Enabled
789-424-2096,⚡ KONKURRENZ | Besser als andere,Rohrreinigung Erfahrung,Responsive search ad,10+ Jahre Erfahrung,129x 5.0★ Bewertungen,Lokaler Meisterbetrieb,Nürnberg kennt uns,Ihre Nachbarn rufen uns,Wir lösen JEDES Problem,Festpreis VORHER,Diagnose 0€,Garantie inklusive,Keine versteckten Kosten,Altbau-Experten,Moderne Technik,HD-Kamera + Spirale,Jetzt anfragen,Schnell & professionell,💪 10+ Jahre Erfahrung. 129 Bewertungen 5.0★. Lokaler Meisterbetrieb. Nürnberg vertraut uns. Sie auch?,Ihre Nachbarn rufen uns seit Jahren. Festpreis VOR Arbeit. Diagnose 0€. Nein? Zahlen nichts. So fair.,Altbau & Neubau Experten. Moderne HD-Kamera + Spiraltechnik. Wir lösen JEDES Verstopfungsproblem.,Lokaler Meisterbetrieb Nürnberg. Keine Anfahrt aus München. Wir kennen jede Ecke. Schnell da!,erfahrung,experte,https://rohrreinigung-kraft.de/ueber-uns,Enabled
789-424-2096,⚡ KONKURRENZ | Besser als andere,Gute Bewertungen,Responsive search ad,129 Bewertungen 5.0★!,Beste Rohrreinigung Nürnberg,Google sagt: TOP!,Ihre Nachbarn sagen: TOP!,10+ Jahre Erfahrung,Lokaler Meisterbetrieb,Festpreis VOR Arbeit,Diagnose kostenlos,Garantie inklusive,Vertrauen verdient,Schnell & professionell,Jetzt selbst überzeugen,Wir halten was wir sagen,Rufen Sie uns an,Qualität zählt,⭐⭐⭐⭐⭐ 129 Bewertungen 5.0★ auf Google! Beste Rohrreinigung Nürnberg. Ihre Nachbarn empfehlen uns.,Warum so viele 5-Sterne? Festpreis VOR Arbeit. Diagnose 0€. Nein? Zahlen 0€. DAS macht den Unterschied.,10+ Jahre. Lokaler Meisterbetrieb. Wir kennen Nürnberg. Wir halten was wir versprechen. Immer.,Vertrauen muss man sich VERDIENEN. 129x haben wir das bewiesen. Jetzt selbst überzeugen!,top,bewertung,https://rohrreinigung-kraft.de/ueber-uns,Enabled
789-424-2096,⚡ KONKURRENZ | Besser als andere,Empfehlung gesucht,Responsive search ad,Empfehlung? Hier!,129 Nachbarn sagen: TOP!,5.0★ auf Google,Lokaler Meisterbetrieb,10+ Jahre Vertrauen,Festpreis VOR Arbeit,Diagnose kostenlos,Nein? Zahlen nichts,Garantie inklusive,Wir werden empfohlen,Ihre Nachbarn kennen uns,Qualität zählt,Schnell & professionell,Jetzt anfragen,Überzeugen Sie sich,💬 Empfehlung gesucht? 129 Nürnberger sagen: 5.0★! Lokaler Meisterbetrieb. Festpreis VOR Arbeit.,Ihre Nachbarn empfehlen uns. 10+ Jahre. Diagnose 0€. Festpreis VORHER. Nein gesagt? Zahlen 0€.,Warum empfohlen? Wir halten was wir sagen. Festpreis = Festpreis. Diagnose = kostenlos. So einfach.,Überzeugen Sie sich selbst. Lokaler Meisterbetrieb Nürnberg. 129 Bewertungen können nicht irren!,empfehlung,top,https://rohrreinigung-kraft.de/ueber-uns,Enabled
789-424-2096,🏠 SITUATION | Mieter Probleme,Mieter Verstopfung,Responsive search ad,Mieter? Verstopfung? Hilfe!,Wir erklären wer zahlt,Schnelle Lösung,Rechnung für Vermieter,Dokumentation inklusive,Festpreis ab 79€,Diagnose kostenlos,Nachweis für Verursacher,Lokaler Meisterbetrieb,129x 5.0★,Keine versteckten Kosten,Preis VORHER genannt,Nein? 0€ gezahlt,Wir helfen Mietern,Jetzt anrufen,🏠 Mieter? Verstopfung? Wir helfen! Schnelle Lösung + Dokumentation für Vermieter/Versicherung.,Wer zahlt? Wir erklären vor Ort. Rechnung getrennt möglich. Nachweis wer Verursacher. Alles dokumentiert.,Festpreis ab 79€ VORHER genannt. Diagnose 0€. Sie sagen Nein? Zahlen 0€. Lokaler Meisterbetrieb.,129 Bewertungen 5.0★. Wir kennen Mieter-Probleme. Schnell + professionell + dokumentiert. Jetzt anrufen!,mieter,hilfe,https://rohrreinigung-kraft.de/mieter-info,Enabled
789-424-2096,🏠 SITUATION | Mieter Probleme,Vermieter zahlt nicht,Responsive search ad,Vermieter will nicht zahlen?,Wir dokumentieren alles!,Nachweis für Sie,Festpreis VORHER,Rechnung detailliert,Fotos + Protokoll,Lokaler Meisterbetrieb,129x 5.0★,Faire Preise ab 79€,Diagnose kostenlos,Rechtlich nutzbar,Wer hat verursacht?,Wir finden es heraus,Schnelle Hilfe,Jetzt anrufen,📋 Vermieter will nicht zahlen? Wir dokumentieren ALLES: Fotos + Protokoll + Ursache. Rechtlich nutzbar.,Nachweis ob Mieter oder Baumangel verursacht hat. Kamera-Inspektion zeigt Wahrheit. Dokumentation inkl.,Festpreis ab 79€ VORHER genannt. Detaillierte Rechnung. Alles für Ihren Nachweis. Diagnose 0€.,129 Bewertungen 5.0★. Wir helfen bei Streit. Lokaler Meisterbetrieb. Jetzt Klarheit schaffen!,nachweis,doku,https://rohrreinigung-kraft.de/mieter-info,Enabled
789-424-2096,🏠 SITUATION | Mieter Probleme,Wer zahlt Rohrreinigung,Responsive search ad,Wer zahlt Rohrreinigung?,Wir erklären alles!,Ursache entscheidet,Wir finden es heraus,Dokumentation inklusive,Festpreis ab 79€,Diagnose kostenlos,Rechnung für jeden,Lokaler Meisterbetrieb,129x 5.0★,Klare Antwort vor Ort,Nachweis wer verursacht,Mieter oder Vermieter?,Wir helfen beiden,Jetzt anfragen,❓ Wer zahlt Rohrreinigung? Mieter oder Vermieter? Wir erklären VOR ORT und dokumentieren URSACHE.,Ursache entscheidet: Haare = Mieter. Baumangel = Vermieter. Wir finden es heraus. Kamera zeigt Wahrheit.,Festpreis ab 79€ VORHER. Diagnose 0€. Dokumentation inkl. Rechnung an wen Sie wollen. Fair!,129 Bewertungen 5.0★. Lokaler Meisterbetrieb. Wir schaffen Klarheit. Jetzt Frage klären!,wer-zahlt,info,https://rohrreinigung-kraft.de/mieter-info,Enabled
789-424-2096,🏠 SITUATION | Hausbesitzer,Eigenheim Verstopfung,Responsive search ad,Eigenheim? Verstopfung?,Wir lösen das RICHTIG,Nicht nur Symptom,Ursache finden & beheben,Kamera-Inspektion,Festpreis ab 79€,Diagnose kostenlos,90-Tage-Garantie möglich,Lokaler Meisterbetrieb,129x 5.0★,Altbau-Erfahrung,Wurzeln? Fett? Schaden?,Grundleitung prüfen,Einmalige Lösung,Jetzt anfragen,🏡 Eigenheim verstopft? Wir lösen es RICHTIG: Ursache finden + beheben. Nicht nur Symptom behandeln.,Ihr Haus = Ihre Investition. Wir prüfen Grundleitung mit Kamera. Wurzeln? Fett? Schaden? Wir finden es.,Festpreis ab 79€ VORHER. Diagnose 0€. Ursachen-Paket mit 90-Tage-Garantie möglich. Endlich Ruhe!,129 Bewertungen 5.0★. Lokaler Meisterbetrieb. 10+ Jahre Altbau-Erfahrung. Jetzt Problem lösen!,eigenheim,loesung,https://rohrreinigung-kraft.de/eigenheim,Enabled
789-424-2096,🏠 SITUATION | Hausbesitzer,Haus Abfluss Problem,Responsive search ad,Haus Abfluss-Problem?,Alle Abflüsse betroffen?,Grundleitung prüfen!,Kamera zeigt Ursache,Festpreis ab 79€,Diagnose kostenlos,Ursachen-Paket möglich,90-Tage-Garantie,Lokaler Meisterbetrieb,129x 5.0★,Altbau-Experten,Nicht flicken - LÖSEN,Einmalige Investition,Ruhe haben,Jetzt anfragen,🏠 Haus Abfluss-Problem? Mehrere Abflüsse betroffen? Dann ist die GRUNDLEITUNG schuld. Wir prüfen!,Kamera-Inspektion zeigt was los ist. Wurzeln? Fett? Rohrschaden? Sie sehen es SELBST. Dann beheben.,Festpreis ab 79€ VORHER. Ursachen-Paket mit 90-Tage-Garantie möglich. Endlich Ruhe für Ihr Haus!,129 Bewertungen 5.0★. 10+ Jahre Altbau-Erfahrung. Lokaler Meisterbetrieb. Jetzt Ursache finden!,haus,grundleitung,https://rohrreinigung-kraft.de/eigenheim,Enabled
789-424-2096,🏠 SITUATION | Hausbesitzer,Grundstück Kanal,Responsive search ad,Grundstücks-Kanal Problem?,Ihre Verantwortung!,Wir prüfen + beheben,Kamera-Inspektion,Grundleitung frei,HD-Spülung,Festpreis ab 149€,Diagnose zeigen,Sie entscheiden,Reparatur möglich,90-Tage-Garantie,Lokaler Meisterbetrieb,129x 5.0★,Hausanschluss prüfen,Jetzt anfragen,🏠 Grundstücks-Kanal ist IHRE Verantwortung! Problem? Wir prüfen mit Kamera + beheben. Festpreis 149€.,Hausanschluss verstopft? Kamera zeigt was los ist. HD-Spülung + Reparatur wenn nötig. Alles aus einer Hand.,Festpreis 149€ VORHER genannt. Diagnose im Preis. 90-Tage-Garantie möglich. Ursachen-Paket ab 349€.,129 Bewertungen 5.0★. Lokaler Meisterbetrieb. 10+ Jahre Erfahrung. Jetzt Grundstücks-Kanal prüfen!,grundstueck,kanal,https://rohrreinigung-kraft.de/eigenheim,Enabled
789-424-2096,🎯 MICRO | Dusche Badewanne,Dusche verstopft,Responsive search ad,Dusche verstopft? 79€!,Haare raus - fertig,In 45 Min gelöst,Soforthilfe-Paket,Festpreis VORHER,Diagnose kostenlos,Nein? 0€ gezahlt,7-Tage-Garantie,Lokaler Meisterbetrieb,129x 5.0★,Hygienisch sauber,Keine Chemie nötig,Professionell entstopfen,Jetzt anrufen,Schnelle Hilfe,🚿 Dusche verstopft? Soforthilfe-Paket 79€: Haare + Seife raus. In 45 Min gelöst. Festpreis VORHER.,Nicht mit Chemie rumexperimentieren! Wir machen es richtig. Festpreis 79€. Nein gesagt? Zahlen 0€.,7-Tage-Garantie inklusive. Kommt Problem wieder? Wir auch - kostenlos. Hygienisch & professionell.,129 Bewertungen 5.0★. Lokaler Meisterbetrieb. Dusche wieder frei. Jetzt: 0911 892 186 82,dusche,79euro,https://rohrreinigung-kraft.de/service/abflussreinigung?ort=dusche,Enabled
789-424-2096,🎯 MICRO | Dusche Badewanne,Badewanne läuft nicht ab,Responsive search ad,Badewanne läuft nicht ab?,Verstopfung im Siphon,Soforthilfe 79€,In 45 Min gelöst,Festpreis VORHER,Diagnose kostenlos,7-Tage-Garantie,Nein? 0€ gezahlt,Lokaler Meisterbetrieb,129x 5.0★,Hygienisch sauber,Haare + Seife raus,Professionell,Jetzt anrufen,Schnelle Hilfe,🛁 Badewanne läuft nicht ab? Verstopfung im Siphon. Soforthilfe-Paket 79€. In 45 Min gelöst. Festpreis.,Haare + Seife verstopfen Siphon. Wir machen ihn frei - professionell. Festpreis 79€ VORHER genannt.,7-Tage-Garantie. Diagnose 0€. Nein gesagt? Zahlen 0€. Hygienisch & sauber. So geht Service.,129 Bewertungen 5.0★. Lokaler Meisterbetrieb. Baden wieder möglich. Jetzt: 0911 892 186 82,badewanne,79euro,https://rohrreinigung-kraft.de/service/abflussreinigung?ort=badewanne,Enabled
789-424-2096,🎯 MICRO | Dusche Badewanne,Haare im Abfluss,Responsive search ad,Haare im Abfluss? 79€!,Professionell entfernen,Nicht mit Draht stochern!,In 45 Min sauber,Festpreis VORHER,Diagnose kostenlos,7-Tage-Garantie,Lokaler Meisterbetrieb,129x 5.0★,Siphon komplett frei,Kein Hausmittel nötig,Nein? 0€ gezahlt,Schnelle Hilfe,Hygienisch,Jetzt anrufen,💇 Haare im Abfluss? NICHT mit Draht stochern - macht es schlimmer! Soforthilfe 79€. Professionell.,Wir entfernen Haare + Seifenreste komplett. Siphon wieder frei. Festpreis 79€ VORHER genannt.,7-Tage-Garantie. Diagnose 0€. Nein gesagt? Zahlen 0€. Kein Hausmittel. Richtig machen!,129 Bewertungen 5.0★. Lokaler Meisterbetrieb. Abfluss wieder frei. Jetzt: 0911 892 186 82,haare,entfernen,https://rohrreinigung-kraft.de/service/abflussreinigung?ort=haare,Enabled
789-424-2096,🎯 MICRO | Küche Spüle,Spüle verstopft,Responsive search ad,Spüle verstopft? 79€!,Fett + Essensreste weg,In 45 Min frei,Soforthilfe-Paket,Festpreis VORHER,Diagnose kostenlos,7-Tage-Garantie,Keine Chemie nötig,Lokaler Meisterbetrieb,129x 5.0★,Hygienisch sauber,Professionell,Nein? 0€ gezahlt,Jetzt anrufen,Schnelle Hilfe,🍽️ Spüle verstopft? Soforthilfe-Paket 79€: Fett + Essensreste komplett raus. In 45 Min frei. Festpreis.,Nicht mit Chemie! Wir machen es richtig - professionell. Festpreis 79€ VORHER. Nein? Zahlen 0€.,7-Tage-Garantie inklusive. Diagnose 0€. Hygienisch & sauber gearbeitet. Küche wieder nutzbar.,129 Bewertungen 5.0★. Lokaler Meisterbetrieb. Spüle frei. Jetzt: 0911 892 186 82,spuele,79euro,https://rohrreinigung-kraft.de/service/abflussreinigung?ort=spuele,Enabled
789-424-2096,🎯 MICRO | Küche Spüle,Küche Abfluss,Responsive search ad,Küche Abfluss verstopft?,Fett ist das Problem,Soforthilfe 79€,In 45 Min gelöst,Festpreis VORHER,Diagnose kostenlos,Professionelle Reinigung,7-Tage-Garantie,Lokaler Meisterbetrieb,129x 5.0★,Nein? 0€ gezahlt,Keine Chemie,Hygienisch sauber,Jetzt anrufen,Schnelle Hilfe,🍳 Küche Abfluss verstopft? Fett + Essensreste. Soforthilfe-Paket 79€. In 45 Min frei. Festpreis VORHER.,Professionelle Fettreinigung. Nicht nur Symptom - Problem lösen. 7-Tage-Garantie inklusive.,Diagnose 0€. Festpreis 79€ VORHER genannt. Nein gesagt? Zahlen 0€. Lokaler Meisterbetrieb.,129 Bewertungen 5.0★. Küche wieder nutzbar. Jetzt anrufen: 0911 892 186 82,kueche,abfluss,https://rohrreinigung-kraft.de/service/abflussreinigung?ort=kueche,Enabled
789-424-2096,🎯 MICRO | Küche Spüle,Fett im Rohr,Responsive search ad,Fett im Rohr? Problem!,Wird nicht von allein weg,Professionelle Entfettung,Soforthilfe 89€,In 45 Min gelöst,HD-Spülung bei Bedarf,Festpreis VORHER,Diagnose kostenlos,7-Tage-Garantie,Lokaler Meisterbetrieb,129x 5.0★,Nein? 0€ gezahlt,Nicht warten,Jetzt handeln,Fett-Experten,🍳 Fett im Rohr? Heißes Wasser hilft NICHT. Professionelle Entfettung 89€. HD-Spülung wenn nötig.,Fett wird hart. Verstopft komplett. Wir entfernen es professionell. Festpreis 89€ VORHER genannt.,7-Tage-Garantie. Diagnose 0€. Nein gesagt? Zahlen 0€. Nicht warten - Fett wird schlimmer!,129 Bewertungen 5.0★. Lokaler Meisterbetrieb. Rohr wieder frei. Jetzt: 0911 892 186 82,fett,89euro,https://rohrreinigung-kraft.de/service/abflussreinigung?ort=fett,Enabled
789-424-2096,🎯 MICRO | Geruch Kanal,Kanalgeruch Wohnung,Responsive search ad,Kanalgeruch in Wohnung?,Es gibt einen GRUND!,Siphon trocken?,Undichter Anschluss?,Wir finden Ursache,Diagnose-Paket 99€,Geruch weg - garantiert,Festpreis VORHER,Lokaler Meisterbetrieb,129x 5.0★,Gesundheit wichtig,Nicht ignorieren,Ursache beheben,Jetzt anfragen,Schnelle Hilfe,👃 Kanalgeruch in Wohnung? Nicht normal! Siphon trocken? Undicht? Diagnose-Paket 99€ findet URSACHE.,Geruch = Kanalgas = nicht gesund! Wir finden Ursache und BEHEBEN sie. Festpreis 99€ VORHER genannt.,Siphon nachfüllen reicht nicht? Dann ist mehr kaputt. Kamera zeigt was. Sie sehen es selbst.,129 Bewertungen 5.0★. Lokaler Meisterbetrieb. Geruch weg - garantiert. Jetzt Ursache finden!,geruch,ursache,https://rohrreinigung-kraft.de/service/geruch-kanal,Enabled
789-424-2096,🎯 MICRO | Geruch Kanal,Abfluss stinkt,Responsive search ad,Abfluss stinkt? Nicht normal!,Ursache finden,Diagnose-Paket 99€,Siphon prüfen,Verstopfung entfernen,Geruch weg garantiert,Festpreis VORHER,Lokaler Meisterbetrieb,129x 5.0★,Gesundheit wichtig,Nicht ignorieren,Schnelle Hilfe,Ursache beheben,Jetzt anfragen,Sauber & geruchsfrei,👃 Abfluss stinkt? NICHT normal! Diagnose-Paket 99€: Ursache finden + beheben. Geruch weg garantiert.,Bakterien? Verstopfung? Trockener Siphon? Wir finden es. Festpreis 99€ VORHER. Nein? Zahlen 0€.,Geruch = nicht gesund! Nicht ignorieren. Wir machen Abfluss wieder geruchsfrei. Professionell.,129 Bewertungen 5.0★. Lokaler Meisterbetrieb. Geruch weg. Jetzt anfragen!,stinkt,weg,https://rohrreinigung-kraft.de/service/geruch-kanal,Enabled
789-424-2096,🎯 MICRO | Geruch Kanal,Gestank aus Rohr,Responsive search ad,Gestank aus Rohr? STOPP!,Das ist Kanalgas!,Nicht gesund!,Ursache sofort finden,Diagnose-Paket 99€,Festpreis VORHER,Lokaler Meisterbetrieb,129x 5.0★,Undichtigkeit?,Verstopfung?,Wir finden es,Geruch weg garantiert,Schnelle Hilfe,Jetzt handeln,Gesundheit zuerst,⚠️ Gestank aus Rohr? Das ist KANALGAS - nicht gesund! Diagnose-Paket 99€: Ursache finden + beheben.,Undichter Anschluss? Verstopfung? Defekter Siphon? Wir finden es mit Kamera. Festpreis 99€ VORHER.,Geruch weg - garantiert! Nicht ignorieren. Kanalgas kann krank machen. Wir helfen sofort.,129 Bewertungen 5.0★. Lokaler Meisterbetrieb. Gesundheit zuerst. Jetzt anrufen!,gestank,weg,https://rohrreinigung-kraft.de/service/geruch-kanal,Enabled
789-424-2096,🔧 SERVICE | Wartung Vorsorge,Rohrreinigung Wartung,Responsive search ad,Rohrreinigung als Wartung?,Clever = keine Notfälle!,Ab 29€/Monat,Regelmäßige Reinigung,Alle Abflüsse betreut,Notfall vermeiden,80% weniger Probleme,Fester Termin,Lokaler Meisterbetrieb,129x 5.0★,Für Hausbesitzer,Für Vermieter,Wartungsvertrag,Ruhe haben,Jetzt anfragen,🔧 Rohrreinigung als Wartung: Ab 29€/Monat. Regelmäßig = 80% weniger Notfälle. Ruhe haben!,Notfall vermeiden ist günstiger als Notfall beheben. Wartungsvertrag ab 29€. Alle Abflüsse regelmäßig.,Fester Termin. Alle Abflüsse gereinigt. Dokumentation. Für Hausbesitzer & Vermieter ideal.,129 Bewertungen 5.0★. Lokaler Meisterbetrieb. Wartung = Vorsorge. Jetzt anfragen!,wartung,vorsorge,https://rohrreinigung-kraft.de/wartung,Enabled
789-424-2096,🔧 SERVICE | Wartung Vorsorge,Vorsorge Reinigung,Responsive search ad,Vorsorge statt Notfall!,Regelmäßig reinigen lassen,Ab 29€/Monat,80% weniger Probleme,Fester Termin,Alle Abflüsse,Dokumentation,Lokaler Meisterbetrieb,129x 5.0★,Für Hausbesitzer,Für Vermieter,Ruhe haben,Notfall vermeiden,Clever sparen,Jetzt anfragen,💡 Clever: Vorsorge statt Notfall! Regelmäßige Rohrreinigung ab 29€/Monat. 80% weniger Probleme.,Notfall kostet mehr als Vorsorge. Wartungsvertrag: Fester Termin. Alle Abflüsse. Dokumentation.,Für Hausbesitzer & Vermieter ideal. Ruhe haben. Keine bösen Überraschungen. Vorsorgen!,129 Bewertungen 5.0★. Lokaler Meisterbetrieb. Vorsorge = Sparen. Jetzt anfragen!,vorsorge,clever,https://rohrreinigung-kraft.de/wartung,Enabled
789-424-2096,🔧 SERVICE | Wartung Vorsorge,Regelmäßige Reinigung,Responsive search ad,Regelmäßige Rohrreinigung,Verstopfung vermeiden,Ab 29€/Monat,Fester Termin,Alle Abflüsse,80% weniger Notfälle,Dokumentation,Lokaler Meisterbetrieb,129x 5.0★,Für Vermieter,Für Hausbesitzer,Ruhe haben,Wartungsvertrag,Clever handeln,Jetzt anfragen,🔄 Regelmäßige Rohrreinigung: Verstopfung vermeiden statt beheben. Ab 29€/Monat. 80% weniger Notfälle.,Wartungsvertrag: Fester Termin. Alle Abflüsse gereinigt. Dokumentation für Vermieter/Verwaltung.,Notfall ist teurer. Vorsorge spart. Lokaler Meisterbetrieb. 129 Bewertungen 5.0★. Clever handeln!,Ruhe haben. Keine Überraschungen. Regelmäßig = sicher. Jetzt Wartung anfragen!,regelmaessig,sicher,https://rohrreinigung-kraft.de/wartung,Enabled
