Account,Campaign,Callout text,Status
789-424-2096,DE | Search | Rohrreinigung Mittelfranken,24/7 Notdienst,Enabled
789-424-2096,DE | Search | Rohrreinigung Mittelfranken,In 20-40 Min vor Ort,Enabled
789-424-2096,DE | Search | Rohrreinigung Mittelfranken,5.0 Sterne Bewertung,Enabled
789-424-2096,DE | Search | Rohrreinigung Mittelfranken,Kostenlose Diagnose,Enabled
789-424-2096,DE | Search | Rohrreinigung Mittelfranken,Festpreis ab 79€,Enabled
789-424-2096,DE | Search | Rohrreinigung Mittelfranken,Keine versteckten Kosten,Enabled
789-424-2096,DE | Search | Rohrreinigung Mittelfranken,10+ Jahre Erfahrung,Enabled
789-424-2096,DE | Search | Rohrreinigung Mittelfranken,Lokaler Fachbetrieb,Enabled
789-424-2096,DE | Search | Rohrreinigung Mittelfranken,Rückruf in 2 Min,Enabled
789-424-2096,DE | Search | Rohrreinigung Mittelfranken,Auch nachts & Wochenende,Enabled
789-424-2096,DE | Search | Rohrreinigung Mittelfranken,2000+ Einsätze,Enabled
789-424-2096,DE | Search | Rohrreinigung Mittelfranken,Saubere Arbeit,Enabled
789-424-2096,DE | Search | Rohrreinigung Mittelfranken,Modernste Technik,Enabled
789-424-2096,DE | Search | Rohrreinigung Mittelfranken,Faire Preise,Enabled
789-424-2096,DE | Search | Rohrreinigung Mittelfranken,Nürnberg & Umgebung,Enabled
789-424-2096,DE | Search | Rohrreinigung Mittelfranken,Professionell & Schnell,Enabled
